Solver,684.2384,0.0538,Error, Remaining points: 5
Solver,684.2384,0.5341,Error, Remaining points: 5
Solver,684.2384,0.0928,Error, Remaining points: 5
Solver,905.5939,0.2257,True
Solver,1127.6874,0.2378,True
Solver,905.5939,0.0728,True
Solver,772.2417,0.0715,True
Solver,1384.7008,0.0696,Error, Remaining points: 3
Solver,1043.9975,0.0740,True
Solver,1043.9975,0.0786,True
Solver,451.9205,0.0682,True
Solver,451.9205,0.2060,True
Solver,905.5939,0.0666,True
Solver,905.5939,0.0684,True
Solver,905.5939,0.0663,True
Solver,905.5939,0.0859,True
Solver,905.5939,0.0631,True
Solver,905.5939,0.0904,True
Solver,905.5939,0.0713,True
Solver,905.5939,0.0626,True
Solver,905.5939,0.0844,True
Solver,905.5939,0.0614,True
Solver,905.5939,0.0724,True
Solver,905.5939,0.0701,True
Solver,905.5939,0.0796,True
Solver,905.5939,0.0663,True
Solver,905.5939,0.0657,True
Solver,905.5939,0.0803,True
Solver,905.5939,0.0640,True
Solver,905.5939,0.0738,True
Solver,905.5939,0.0635,True
Solver,905.5939,0.0694,True
Solver,905.5939,0.0668,True
Solver,905.5939,0.1009,True
Solver,905.5939,0.0670,True
Solver,905.5939,0.0701,True
Solver,905.5939,0.0826,True
Solver,905.5939,0.0956,True
Solver,905.5939,0.0713,True
Solver,905.5939,0.0684,True
Solver,905.5939,0.0757,True
Solver,905.5939,0.0681,True
Solver,905.5939,0.0752,True
Solver,905.5939,0.0867,True
Solver,905.5939,0.0706,True
Solver,905.5939,0.0709,True
Solver,905.5939,0.0710,True
Solver,905.5939,0.0691,True
Solver,905.5939,0.1000,True
Solver,905.5939,0.0675,True
Solver,905.5939,0.0674,True
Solver,905.5939,0.0694,True
Solver,905.5939,0.0745,True
Solver,905.5939,0.0762,True
Solver,905.5939,0.0891,True
Solver,905.5939,0.0737,True
Solver,905.5939,0.0684,True
Solver,905.5939,0.2279,True
Solver,905.5939,0.0685,True
Solver,905.5939,0.0670,True
Solver,905.5939,0.0736,True
Solver,905.5939,0.1102,True
Solver,1490.7067,0.0759,True
Solver,685.6908,0.0681,True
Solver,439.3587,0.0711,True
Solver,1179.4413,0.0835,True
Solver,43.566,0.1498,Error, Remaining points: 4
WaterBomber,431.121,3.5369,True
Solver,431.121,0.2012,True
Solver,461.564,1.6116,Error, Remaining points: 3
Solver,461.564,1.6787,Error, Remaining points: 3
Solver,673.1584,1.7688,True
Solver,1262.4934,1.7023,True
Solver,1005.7518,22.5723,True
Solver,372.8424,0.0836,True
Solver,120.8952,0.0778,True
Solver,75.3968,0.0786,True
Solver,49.3786,0.0746,True
Solver,192.8377,0.0789,True
Solver,338.1693,0.0782,True
Solver,1107.9625,27.5039,True
Solver,1107.9625,24.4826,True
Solver,1107.9625,33.9549,True
Solver,1107.9625,37.0249,True
Solver,1107.9625,22.7835,True
Solver,1107.9625,22.2051,True
Solver,1107.9625,24.2637,True
WaterBomberAnswer,1107.9625,18.6420,True
WaterBomberAnswer,1107.9625,19.6962,True
WaterBomberAnswer,1107.9625,27.2460,True
WaterBomberAnswer,1107.9625,21.0723,True
WaterBomberAnswer,1107.9625,25.7336,True
WaterBomberAnswer,1107.9625,25.7586,True
WaterBomberAnswer,1107.9625,25.1650,True
WaterBomber,1107.9625,9.8585,True
WaterBomber,1107.9625,13.2142,True
WaterBomber,1107.9625,13.2283,True
WaterBomber,1176.6475,132.2660,True
WaterBomber,1612.6281,117.7183,True
WaterBomber,591.2232,164.9203,True
WaterBomber,45.074,0.0831,True
WaterBomber,32.0488,0.0780,True
WaterBomber,48.2843,0.0775,True
WaterBomber,53.987,0.0900,True
WaterBomber,42.8554,0.0747,True
WaterBomber,271.9509,0.2109,Error, Remaining points: 6
WaterBomber,1025.4622,1.1398,True
WaterBomber,1025.4622,1.1278,True
WaterBomber,1025.4622,1.0222,True
WaterBomber,1025.4622,1.0437,True
WaterBomber,1025.4622,1.0664,Error, Remaining points: 2
WaterBomber,963.6205,0.2154,True
WaterBomber,893.7208,1.0381,True
WaterBomber,472.6148,0.0764,True
WaterBomber,384.9873,0.0768,True
WaterBomber,1220.0963,0.1049,True
WaterBomber,1220.0963,0.1031,True
WaterBomber,1220.0963,0.3023,True
WaterBomberAnswer,1617.8686,0.1328,True
WaterBomberAnswer,1617.8686,0.1167,True
WaterBomberAnswer,1262.0706,0.1081,True
WaterBomberAnswer,89.8143,0.1417,True
WaterBomber,1220.0963,17.8940,True
WaterBomber,55.6612,0.0741,True
WaterBomber,58.4809,0.1495,True
WaterBomber,53.4591,0.0852,True
WaterBomber,40.799,0.0798,True
WaterBomber,65.0388,0.2639,True
WaterBomber,72.3944,0.0680,True
WaterBomber,35.6246,0.0706,True
WaterBomber,35.6246,0.0727,True
WaterBomber,78.1038,0.0716,True
WaterBomber,34.46,0.0736,True
WaterBomber,39.8916,0.0736,True
WaterBomber,29.5932,0.0711,True
WaterBomber,42.095,0.0699,True
WaterBomber,40.799,0.1189,True
WaterBomber,40.799,0.0666,True
WaterBomber,40.799,0.2346,True
WaterBomber,35.4515,0.2442,True
WaterBomber,34.2969,0.1577,True
WaterBomber,23.3466,0.0665,True
WaterBomber,43.1506,0.0726,True
WaterBomber,41.7167,0.0667,True
WaterBomber,41.7167,0.1534,True
WaterBomber,41.7167,0.3235,True
WaterBomber,19,0.0702,True
WaterBomber,48.5627,0.0627,True
WaterBomber,37.8045,0.0677,True
WaterBomber,34.6364,0.0676,True
WaterBomber,40.6103,0.0747,True
WaterBomber,32.3523,0.0679,True
WaterBomber,47.5442,0.0688,True
WaterBomber,68.1464,0.0702,True
WaterBomber,115.9902,0.0720,True
WaterBomber,337.3076,0.0712,True
WaterBomber,91.4129,0.0729,True
WaterBomber,77.5386,0.0694,True
WaterBomber,69.3359,0.0730,True
WaterBomber,69.3359,0.2318,True
WaterBomber,77.8142,0.0734,True
WaterBomber,57.2363,0.0692,True
WaterBomber,164.5196,0.0709,True
WaterBomber,184.3529,0.0624,True
WaterBomber,184.3529,0.0674,Error, Remaining points: 3
WaterBomber,295.8586,0.0681,True
WaterBomber,189.8354,0.0688,True
WaterBomber,205.4041,0.0792,True
WaterBomber,200.2773,0.0716,True
WaterBomber,122.1781,0.0731,True
WaterBomber,96.3679,0.0725,True
WaterBomber,74.3994,0.0728,True
WaterBomber,113.6116,0.0836,True
WaterBomber,54.0022,0.0717,True
WaterBomber,318.8434,0.2365,True
WaterBomber,114.6117,0.0702,True
WaterBomber,96.1041,0.0808,True
WaterBomber,240.2843,0.0850,True
WaterBomber,140.3892,0.0741,True
WaterBomber,161.5016,0.0813,True
WaterBomber,289.1191,0.0723,True
WaterBomber,87.3106,0.0734,True
WaterBomber,173.9148,0.1583,True
WaterBomber,170.2253,0.1667,True
WaterBomber,35.0633,0.0682,True
WaterBomber,22.2811,0.0703,True
WaterBomber,18.8098,0.0735,True
WaterBomber,0,0.0648,Error, Remaining points: 1
WaterBomber,12.1854,0.0737,True
WaterBomber,3,0.0696,True
WaterBomber,20.9859,0.0737,True
WaterBomber,23.5045,0.0755,True
WaterBomber,34.1168,0.0680,True
WaterBomber,41.7167,0.0757,True
WaterBomber,15.2971,0.2537,True
WaterBomber,72.5672,0.6943,Error, Remaining points: 2
WaterBomber,88.6002,0.2030,Error, Remaining points: 1
WaterBomber,63.2456,0.1513,True
WaterBomber,63.2456,0.1435,True
WaterBomber,63.2456,0.1525,Error, Remaining points: 1
WaterBomber,63.2456,0.1470,Error, Remaining points: 1
WaterBomber,158.3792,0.6078,Error, Remaining points: 2
WaterBomber,158.3792,0.6038,Error, Remaining points: 2
WaterBomber,158.3792,0.6121,Error, Remaining points: 2
WaterBomber,304.2313,0.7603,Error, Remaining points: 1
WaterBomber,304.8948,0.7123,Error, Remaining points: 1
WaterBomber,368.4601,0.5555,Error, Remaining points: 1
WaterBomber,385.6648,0.5490,True
WaterBomber,667.0189,2.9920,True
WaterBomber,43.4639,0.0832,True
WaterBomber,51.2017,0.0832,True
WaterBomber,309.5803,0.1354,True
WaterBomber,113.4923,0.0824,True
WaterBomber,81.6448,0.0727,True
WaterBomber,135.7089,0.4650,True
WaterBomber,150.473,0.0759,True
WaterBomber,91.4409,0.0894,True
WaterBomber,111.0337,0.0795,True
WaterBomber,61.9841,0.0838,True
WaterBomber,150.2832,0.1254,True
WaterBomber,86.8266,0.0719,True
WaterBomber,89.2197,0.0788,True
WaterBomber,77.3185,0.0746,True
WaterBomber,65.6719,0.0702,True
WaterBomber,59.8492,0.0730,True
WaterBomber,88.6714,0.1339,True
WaterBomber,96.4505,0.1883,True
WaterBomberAnswer,726.1185,0.2720,True
WaterBomber,255.2975,0.2669,True
WaterBomber,48.7537,0.0686,True
WaterBomber,66.5563,0.0657,True
WaterBomber,74.2445,0.0670,True
WaterBomber,56.1316,0.0733,True
WaterBomber,50,0.0636,True
WaterBomber,39.4086,0.0665,True
WaterBomber,14.1421,0.0682,True
WaterBomber,84.9531,0.0659,True
WaterBomber,101.1781,0.0643,True
WaterBomber,94.4198,0.0639,True
WaterBomber,44.8503,0.0680,True
WaterBomberAnswer,219.2416,0.2647,True
WaterBomberAnswer,44.1022,0.0720,True
WaterBomberAnswer,726.1185,0.1981,True
WaterBomberAnswer,596.5408,0.3035,True
WaterBomberAnswer,726.1185,0.1850,True
WaterBomberAnswer,1511.773,0.3870,True
WaterBomberAnswer,1511.773,0.2109,True
WaterBomberAnswer,596.5408,0.3097,True
WaterBomberAnswer,596.5408,0.3086,True
WaterBomberAnswer,596.5408,0.2500,True
WaterBomber,726.1185,0.8268,True
WaterBomber,634.7272,1.2687,Error, Remaining points: 1
WaterBomber,634.7272,1.0970,Error, Remaining points: 1
WaterBomber,566.1006,0.6593,True
WaterBomber,483.144,0.2632,True
WaterBomber,361.9394,0.1078,True
WaterBomber,930.3222,2.4171,True
WaterBomber,532.1721,0.3446,True
WaterBomber,549.7186,0.2966,True
WaterBomber,287.0157,0.2504,True
WaterBomber,129.7575,0.0880,Error, Remaining points: 2
WaterBomber,180.0444,0.3544,True
WaterBomber,337.9864,0.2167,True
WaterBomber,358.8612,0.0899,True
WaterBomber,169.2342,0.0886,True
WaterBomber,21.9545,0.0925,True
WaterBomber,95.0766,0.0965,True
WaterBomber,32.3883,0.1295,True
WaterBomber,429.6392,0.0977,True
WaterBomber,376.5718,0.0802,True
WaterBomber,104.1201,0.0836,True
WaterBomber,146.3873,0.0811,True
WaterBomber,337.7647,0.1457,True
WaterBomber,209.0096,0.1913,True
WaterBomber,156.8465,1.6965,True
WaterBomber,156.8465,1.6552,True
WaterBomber,306.3828,0.4697,True
WaterBomber,621.1974,0.2314,True
WaterBomber,411.9311,0.2295,True
WaterBomber,370.7646,0.0850,True
WaterBomber,591.4791,16.7572,True
WaterBomber,948.3051,0.3105,True
WaterBomber,484.5208,0.0855,True
WaterBomber,546.7651,0.2995,True
WaterBomber,506.533,0.1133,True
WaterBomber,639.7847,1.2027,True
WaterBomber,612.8122,0.2206,True
WaterBomber,542.6468,0.1100,True
WaterBomber,556.4708,0.2377,True
WaterBomber,409.5296,0.0903,True
WaterBomber,203.6787,0.1635,True
WaterBomber,525.7438,0.0916,True
WaterBomber,681.194,0.1028,True
WaterBomber,558.5703,1.2220,True
WaterBomber,403.4018,0.1070,True
WaterBomber,722.3314,11.3139,True
WaterBomber,84.1529,0.8567,True
WaterBomber,34.0147,0.1189,True
WaterBomber,702.4898,14.1760,True
WaterBomber,72.41,0.0900,True
WaterBomber,53.0094,0.0813,True
WaterBomber,53.0094,0.2239,True
WaterBomber,302.3852,0.1873,True
WaterBomber,414.7948,0.2278,True
WaterBomber,375.2302,0.3402,Error, Remaining points: 1
WaterBomber,488.0463,1.2384,Error, Remaining points: 5
WaterBomber,488.0463,1.0370,Error, Remaining points: 5
WaterBomber,720.7314,1.0328,True
WaterBomber,713.8861,7.4965,True
WaterBomber,713.8861,7.9744,Error, Remaining points: 2
WaterBomber,713.8861,12.1121,True
WaterBomber,745.2841,4.3142,True
WaterBomber,713.8861,11.6659,True
WaterBomber,110.1451,0.1516,True
WaterBomber,110.1451,0.2763,True
WaterBomber,110.1451,0.2029,True
WaterBomber,713.8861,6.1188,True
WaterBomber,593.7866,0.5477,True
WaterBomber,627.3824,70.8503,True
WaterBomber,68.1369,0.0838,True
WaterBomber,19.105,0.0774,True
WaterBomber,110.2173,0.0734,True
BACKLOG1,789.7174,0.6453,True
BACKLOG1,384.2039,0.1055,True
BACKLOG1,35.6931,0.0948,True
BACKLOG1,73.9017,0.0882,True
BACKLOG1,960.7104,69.4329,True
BACKLOG1,713.8861,4.6200,True
BACKLOG1,642.7654,3.4778,Error, Remaining points: 1
BACKLOG1,642.7654,4.5037,Error, Remaining points: 1
BACKLOG1,1130.3258,1.8762,True
BACKLOG1,713.8861,1.2371,True
BACKLOG1,101.4166,0.0793,True
BACKLOG1,116.2972,0.0866,True
BACKLOG1,1266.5667,167.4801,True
BACKLOG1,463.7277,0.1010,True
BACKLOG1,676.1764,10.9932,True
BACKLOG1,859.7836,14.6500,True
BACKLOG1,859.7836,19.5648,True
BACKLOG1,931.0471,14.5832,True
BACKLOG1,766.3677,0.2054,True
BACKLOG1,573.9942,0.0813,True
BACKLOG1,814.3393,1.4352,True
BACKLOG1,637.9802,0.0947,True
BACKLOG1,673.9247,0.1149,True
BACKLOG1,1368.3108,0.0859,True
BACKLOG1,1794.3091,0.2009,True
BACKLOG1,1367.5048,0.1798,True
BACKLOG1,413.5698,0.0838,True
BACKLOG1,585.1648,0.0871,True
BACKLOG1,939.1842,0.0815,True
BACKLOG1,464.7952,0.1835,True
BACKLOG1,464.7952,0.0839,True
BACKLOG1,464.7952,0.1155,True
BACKLOG1,447.9626,0.1239,True
BACKLOG1,447.9626,0.2665,True
BACKLOG1,447.7521,2.1793,True
BACKLOG1,308.5097,0.0808,True
BACKLOG1,274.6129,0.0904,True
BACKLOG1,273.7384,0.0913,True
BACKLOG1,273.7384,0.1931,True
BACKLOG1,273.7384,0.2720,True
BACKLOG1,273.7384,1.7439,True
BACKLOG1,303.3128,24.2813,True
BACKLOG1,213.8719,0.1643,True
BACKLOG1,213.8719,0.0742,True
BACKLOG1,213.8719,0.1007,True
BACKLOG1,195.8549,0.0815,True
BACKLOG1,168.8909,0.0712,True
BACKLOG1,159.0902,0.0715,True
BACKLOG1,93.6483,0.0769,True
BACKLOG1,197.3449,0.0743,True
BACKLOG1,197.3449,0.0813,True
BACKLOG1,240.4044,0.1019,True
BACKLOG1,240.4044,0.3010,True
BACKLOG1,153,0.0996,True
BACKLOG1,591.4791,3.2189,True
BACKLOG1,591.4791,1.0716,True
BACKLOG1,591.4791,1.0241,True
Solver,591.4791,1.0878,True
Solver,832.6956,1.2868,True
Solver,832.6956,14.9448,True
Solver,462.8133,20.1155,True
Solver,218.0835,0.0788,True
Solver,690.265,0.1870,True
Solver,720.505,1.2659,True
Solver,291.6089,0.0950,True
ChongWengKit.exe,381.0162,0.1016,True
ChongWengKit.exe,250.2878,0.1037,True
ChongWengKit.exe,283.0071,1.6641,True
ChongWengKit.exe,244.0738,0.0896,True
ChongWengKit.exe,245.002,0.0774,True
ChongWengKit.exe,245.002,0.1769,True
ChongWengKit.exe,441.2289,0.0871,True
ChongWengKit.exe,863.4131,0.0757,True
ChongWengKit.exe,669.4926,0.0725,True
ChongWengKit.exe,516.9846,0.0742,True
ChongWengKit.exe,358.9275,0.0729,True
ChongWengKit.exe,420.2652,0.0707,True
ChongWengKit.exe,496.3792,0.0755,True
ChongWengKit.exe,346.0708,0.0710,True
ChongWengKit.exe,346.0708,0.0695,True
ChongWengKit.exe,650.4954,0.0734,True
BACKLOG1,671.8928,0.2186,Error, Remaining points: 1
ChongWengKit.exe,650.4954,0.1662,True
ChongWengKit.exe,399.295,0.0790,True
ChongWengKit.exe,399.295,0.0856,True
BACKLOG1,399.295,0.1348,True
BACKLOG1,246.0074,0.0763,True
BACKLOG1,923.552,12.2276,True
BACKLOG1,592.1905,1.9448,True
ChongWengKit_1901782,592.1905,2.2345,True
ChongWengKit_1901782,533.509,0.1148,True
ChongWengKit_1901782,753.6448,1.1765,True
ChongWengKit_1901782,753.6448,0.0766,True
ChongWengKit_1901782,753.6448,0.0752,True
ChongWengKit_1901782,753.6448,0.0749,True
ChongWengKit_1901782,753.6448,0.0874,True
ChongWengKit_1901782,753.6448,0.0699,True
ChongWengKit_1901782,753.6448,0.0829,True
ChongWengKit_1901782,753.6448,0.0989,Error, Remaining points: 1
ChongWengKit_1901782,840.3128,0.0981,True
ChongWengKit_1901782,623.7484,0.0954,True
ChongWengKit_1901782,630.689,0.0900,True
ChongWengKit_1901782,630.689,0.1118,True
ChongWengKit_1901782,668.0322,0.1325,True
ChongWengKit_1901782,668.0322,0.1446,True
ChongWengKit_1901782,155.0032,0.0891,True
ChongWengKit_1901782,155.0032,0.1587,True
ChongWengKit_1901782,549.2956,0.2004,True
ChongWengKit_1901782,549.2956,0.2105,True
ChongWengKit_1901782,476.8866,0.0738,True
ChongWengKit,476.8866,0.0804,True
ChongWengKit,967.8674,0.0809,True
ChongWengKit,609.7226,0.0712,True
ChongWengKit,1029.7227,0.0842,True
ChongWengKit,915.969,0.0736,True
ChongWengKit,460.0076,0.0710,True
ChongWengKit,339.779,0.0713,True
ChongWengKit,435.7458,0.0686,True
ChongWengKit,335.8359,0.0743,True
ChongWengKit,803.3705,1.1069,True
ChongWengKit,480.6302,0.0711,True
ChongWengKit,476.9465,0.0706,True
ChongWengKit,813.3485,0.1011,True
ChongWengKit,749.7729,0.0924,True
ChongWengKit,597.0531,0.0870,True
ChongWengKit,819.087,0.0730,True
ChongWengKit,508.2975,0.2292,True
ChongWengKit,408.2524,0.0731,True
ChongWengKit,590.7233,0.0779,True
ChongWengKit,590.7233,0.1892,True
ChongWengKit,590.7233,0.0738,True
ChongWengKit,590.7233,0.0897,True
ChongWengKit,590.7233,0.0922,True
ChongWengKit,590.7233,0.0791,True
ChongWengKit,590.7233,0.1056,True
ChongWengKit,590.7233,0.0794,True
ChongWengKit,590.7233,0.0769,True
ChongWengKit,590.7233,0.0702,True
ChongWengKit,590.7233,0.1045,True
ChongWengKit,590.7233,0.0692,True
ChongWengKit,590.7233,0.0699,True
ChongWengKit,590.7233,0.0839,True
ChongWengKit,590.7233,0.0683,True
ChongWengKit,590.7233,0.0684,True
ChongWengKit,590.7233,0.0850,True
ChongWengKit,590.7233,0.0736,True
ChongWengKit,665.5154,0.1052,True
ChongWengKit,784.0848,0.1076,True
ChongWengKit,784.0848,0.1226,True
FUCK,784.0848,0.0992,True
FUCK,784.0848,0.0951,True
ChongWengKit,661.496,0.4704,True
ChongWengKit,478.3626,0.0970,True
ChongWengKit,478.3626,2.0358,True
ChongWengKit,478.3626,0.1655,True
ChongWengKit,585.2644,0.3154,True
Project2,585.2644,0.1123,True
Project2,585.2644,0.0952,True
Project2,478.3626,0.1257,True
Project2,478.3626,0.1032,True
Project2,517.8977,0.0928,Error, Remaining points: 1
Project2,465.472,0.0982,Error, Remaining points: 1
Project2,386.2408,0.1111,Error, Remaining points: 1
ChongWengKit,508.2571,0.2439,Error, Remaining points: 1
ChongWengKit,476.9653,0.0948,True
ChongWengKit,546.6607,0.1139,Error, Remaining points: 1
ChongWengKit,546.6607,0.0927,Error, Remaining points: 1
ChongWengKit,578.9549,0.1022,True
ChongWengKit,480.1352,0.1075,True
ChongWengKit,398.5807,0.1009,Error, Remaining points: 1
ChongWengKit,396.439,0.1010,Error, Remaining points: 1
ChongWengKit,477.4902,0.1043,True
ChongWengKit,580.5389,0.1017,True
ChongWengKit,544.2415,0.0931,Error, Remaining points: 1
ChongWengKit,481.5451,0.0910,True
ChongWengKit,478.3626,0.0891,True
ChongWengKit,478.3626,0.0859,True
ChongWengKit,481.5451,0.0930,True
ChongWengKit,478.9597,0.0871,True
ChongWengKit,478.9597,0.0901,True
ChongWengKit,478.9597,0.0908,True
ChongWengKit,478.9597,0.1121,True
ChongWengKit,478.9597,0.0981,True
ChongWengKit,545.2755,0.0889,Error, Remaining points: 1
ChongWengKit,649.7694,0.1159,Error, Remaining points: 1
ChongWengKit,585.2644,0.0791,True
ChongWengKit,481.5451,5.7925,True
ChongWengKit,481.5451,0.8253,True
ChongWengKit,481.5451,0.0923,True
ChongWengKit,481.5451,0.0971,True
ChongWengKit,481.5451,0.0998,True
ChongWengKit,481.5451,0.1018,True
ChongWengKit,481.5451,0.1202,True
ChongWengKit,481.5451,0.0997,True
ChongWengKit,481.5451,0.0973,True
ChongWengKit,481.5451,0.0918,True
ChongWengKit,481.5451,0.0900,True
ChongWengKit,481.5451,0.0989,True
ChongWengKit,481.5451,0.0978,True
ChongWengKit,481.5451,0.0921,True
ChongWengKit,481.5451,0.0892,True
ChongWengKit,481.5451,0.0895,True
ChongWengKit,481.5451,0.1074,True
ChongWengKit,481.5451,0.0990,True
ChongWengKit,481.5451,0.0988,True
ChongWengKit,481.5451,0.0992,True
ChongWengKit,481.5451,0.1124,True
ChongWengKit,481.5451,0.1037,True
ChongWengKit,481.5451,0.0976,True
ChongWengKit,481.5451,0.0877,True
ChongWengKit,481.5451,0.0912,True
ChongWengKit,481.5451,0.0941,True
ChongWengKit,481.5451,0.0962,True
ChongWengKit,481.5451,0.1038,True
ChongWengKit,481.5451,0.0986,True
ChongWengKit,481.5451,0.0872,True
ChongWengKit,481.5451,0.0875,True
ChongWengKit,481.5451,0.0997,True
ChongWengKit,481.5451,0.1046,True
ChongWengKit,481.5451,0.1004,True
ChongWengKit,481.5451,0.1082,True
ChongWengKit,481.5451,0.1037,True
ChongWengKit,481.5451,0.1052,True
ChongWengKit,481.5451,0.1012,True
ChongWengKit,481.5451,0.1132,True
ChongWengKit,481.5451,0.1205,True
ChongWengKit,481.5451,0.1434,True
ChongWengKit,481.5451,0.1467,True
ChongWengKit,481.5451,0.1484,True
ChongWengKit,481.5451,0.1481,True
ChongWengKit,481.5451,0.1291,True
ChongWengKit,481.5451,0.1046,True
ChongWengKit,481.5451,0.1086,True
ChongWengKit,481.5451,0.1243,True
ChongWengKit,481.5451,0.1144,True
ChongWengKit,481.5451,0.1190,True
ChongWengKit,481.5451,0.1013,True
ChongWengKit,481.5451,0.1217,True
ChongWengKit,481.5451,0.1149,True
ChongWengKit,481.5451,0.1214,True
ChongWengKit,481.5451,0.1148,True
ChongWengKit,481.5451,0.1048,True
ChongWengKit,481.5451,0.1223,True
ChongWengKit,481.5451,0.1142,True
ChongWengKit,481.5451,0.1194,True
ChongWengKit,481.5451,0.1117,True
ChongWengKit,481.5451,0.1180,True
ChongWengKit,481.5451,0.1169,True
ChongWengKit,481.5451,0.1156,True
ChongWengKit,481.5451,0.1314,True
ChongWengKit,481.5451,0.1055,True
ChongWengKit,481.5451,0.1161,True
ChongWengKit,481.5451,0.1210,True
ChongWengKit,481.5451,0.1304,True
ChongWengKit,481.5451,0.1171,True
ChongWengKit,481.5451,0.1341,True
ChongWengKit,481.5451,0.1161,True
ChongWengKit,481.5451,0.1029,True
ChongWengKit,481.5451,0.1311,True
ChongWengKit,481.5451,0.1054,True
ChongWengKit,481.5451,0.1267,True
ChongWengKit,481.5451,0.1077,True
ChongWengKit,481.5451,0.1168,True
ChongWengKit,481.5451,0.1185,True
ChongWengKit,481.5451,0.1098,True
ChongWengKit,481.5451,0.1198,True
ChongWengKit,481.5451,0.1173,True
ChongWengKit,481.5451,0.1170,True
ChongWengKit,481.5451,0.1117,True
ChongWengKit,481.5451,0.1249,True
ChongWengKit,481.5451,0.1161,True
ChongWengKit,481.5451,0.1241,True
ChongWengKit,481.5451,0.1112,True
ChongWengKit,481.5451,0.1176,True
ChongWengKit,481.5451,0.1167,True
ChongWengKit,481.5451,0.1146,True
ChongWengKit,481.5451,0.1089,True
ChongWengKit,481.5451,0.1036,True
ChongWengKit,481.5451,0.1172,True
ChongWengKit,481.5451,0.1126,True
ChongWengKit,481.5451,0.0986,True
ChongWengKit,481.5451,0.1150,True
ChongWengKit,481.5451,0.1088,True
ChongWengKit,481.5451,0.1262,True
ChongWengKit,481.5451,0.1128,True
ChongWengKit,481.5451,0.1228,True
ChongWengKit,481.5451,0.1158,True
ChongWengKit,481.5451,0.1188,True
ChongWengKit,481.5451,0.1137,True
ChongWengKit,481.5451,0.1005,True
ChongWengKit,481.5451,0.1027,True
ChongWengKit,481.5451,0.1052,True
ChongWengKit,481.5451,0.1133,True
ChongWengKit,481.5451,0.1109,True
ChongWengKit,481.5451,0.0978,True
ChongWengKit,481.5451,0.1104,True
ChongWengKit,481.5451,0.1156,True
ChongWengKit,481.5451,0.1094,True
ChongWengKit,481.5451,0.1044,True
ChongWengKit,481.5451,0.1155,True
ChongWengKit,481.5451,0.1091,True
ChongWengKit,481.5451,0.1196,True
ChongWengKit,481.5451,0.1137,True
ChongWengKit,481.5451,0.1061,True
ChongWengKit,481.5451,0.1187,True
ChongWengKit,481.5451,0.1180,True
ChongWengKit,481.5451,0.1179,True
ChongWengKit,481.5451,0.1094,True
ChongWengKit,481.5451,0.1246,True
ChongWengKit,481.5451,0.1081,True
ChongWengKit,481.5451,0.0969,True
ChongWengKit,481.5451,0.1169,True
ChongWengKit,481.5451,0.1132,True
ChongWengKit,481.5451,0.1145,True
ChongWengKit,481.5451,0.1087,True
ChongWengKit,481.5451,0.1130,True
ChongWengKit,481.5451,0.1119,True
ChongWengKit,481.5451,0.1118,True
ChongWengKit,481.5451,0.1069,True
ChongWengKit,481.5451,0.1064,True
ChongWengKit,481.5451,0.1281,True
ChongWengKit,481.5451,0.0968,True
ChongWengKit,481.5451,0.0956,True
ChongWengKit,481.5451,0.1050,True
ChongWengKit,481.5451,0.1109,True
ChongWengKit,481.5451,0.1296,True
ChongWengKit,481.5451,0.1148,True
ChongWengKit,481.5451,0.1216,True
ChongWengKit,481.5451,0.0883,True
ChongWengKit,481.5451,0.0985,True
ChongWengKit,481.5451,0.0982,True
ChongWengKit,481.5451,0.0993,True
ChongWengKit,481.5451,0.1123,True
ChongWengKit,481.5451,0.1108,True
ChongWengKit,481.5451,0.1124,True
ChongWengKit,481.5451,0.1223,True
ChongWengKit,481.5451,0.1185,True
ChongWengKit,481.5451,0.1064,True
ChongWengKit,481.5451,0.1097,True
ChongWengKit,481.5451,0.1146,True
ChongWengKit,481.5451,0.1510,True
ChongWengKit,481.5451,0.1502,True
ChongWengKit,481.5451,0.1203,True
ChongWengKit,481.5451,0.1316,True
ChongWengKit,481.5451,0.1181,True
ChongWengKit,481.5451,0.1268,True
ChongWengKit,481.5451,0.1100,True
ChongWengKit,481.5451,0.1075,True
ChongWengKit,481.5451,0.1115,True
ChongWengKit,481.5451,0.1127,True
ChongWengKit,481.5451,0.1231,True
ChongWengKit,481.5451,0.1584,True
ChongWengKit,481.5451,0.1274,True
ChongWengKit,481.5451,0.1067,True
ChongWengKit,481.5451,0.1219,True
ChongWengKit,481.5451,0.1131,True
ChongWengKit,481.5451,0.1223,True
ChongWengKit,481.5451,0.1087,True
ChongWengKit,481.5451,0.1003,True
ChongWengKit,481.5451,0.1038,True
ChongWengKit,481.5451,0.0958,True
ChongWengKit,481.5451,0.1262,True
ChongWengKit,481.5451,0.1102,True
ChongWengKit,481.5451,0.1110,True
ChongWengKit,481.5451,0.1183,True
ChongWengKit,481.5451,0.1227,True
ChongWengKit,481.5451,0.1039,True
ChongWengKit,481.5451,0.1052,True
ChongWengKit,481.5451,0.1271,True
ChongWengKit,481.5451,0.1090,True
ChongWengKit,481.5451,0.1291,True
ChongWengKit,481.5451,0.1278,True
ChongWengKit,481.5451,0.1216,True
ChongWengKit,481.5451,0.1318,True
ChongWengKit,481.5451,0.1175,True
ChongWengKit,481.5451,0.1173,True
ChongWengKit,481.5451,0.1147,True
ChongWengKit,481.5451,0.1244,True
ChongWengKit,481.5451,0.1118,True
ChongWengKit,481.5451,0.1256,True
ChongWengKit,481.5451,0.0956,True
ChongWengKit,481.5451,0.1006,True
ChongWengKit,481.5451,0.1014,True
ChongWengKit,481.5451,0.1230,True
ChongWengKit,481.5451,0.1127,True
ChongWengKit,481.5451,0.1270,True
ChongWengKit,481.5451,0.1037,True
ChongWengKit,481.5451,0.1335,True
ChongWengKit,481.5451,0.1034,True
ChongWengKit,481.5451,0.1053,True
ChongWengKit,481.5451,0.0944,True
ChongWengKit,481.5451,0.0844,True
ChongWengKit,481.5451,0.1059,True
ChongWengKit,481.5451,0.1055,True
ChongWengKit,481.5451,0.1320,True
ChongWengKit,481.5451,0.1255,True
ChongWengKit,481.5451,0.1194,True
ChongWengKit,481.5451,0.1109,True
ChongWengKit,481.5451,0.0919,True
ChongWengKit,481.5451,0.0958,True
ChongWengKit,481.5451,0.1079,True
ChongWengKit,481.5451,0.1137,True
ChongWengKit,481.5451,0.1234,True
ChongWengKit,481.5451,0.1233,True
ChongWengKit,481.5451,0.1687,True
ChongWengKit,481.5451,0.0844,True
ChongWengKit,481.5451,0.1024,True
ChongWengKit,481.5451,0.1099,True
ChongWengKit,481.5451,0.1303,True
ChongWengKit,481.5451,0.1430,True
ChongWengKit,481.5451,0.1709,True
ChongWengKit,481.5451,0.1143,True
ChongWengKit,481.5451,0.1141,True
ChongWengKit,481.5451,0.1235,True
ChongWengKit,481.5451,0.1201,True
ChongWengKit,481.5451,0.1223,True
ChongWengKit,481.5451,0.1453,True
ChongWengKit,481.5451,0.1092,True
ChongWengKit,481.5451,0.1217,True
ChongWengKit,481.5451,0.1126,True
ChongWengKit,481.5451,0.1260,True
ChongWengKit,481.5451,0.1052,True
ChongWengKit,481.5451,0.1309,True
ChongWengKit,481.5451,0.1158,True
ChongWengKit,481.5451,0.1370,True
ChongWengKit,481.5451,0.1215,True
ChongWengKit,481.5451,0.1345,True
ChongWengKit,481.5451,0.1192,True
ChongWengKit,481.5451,0.1318,True
ChongWengKit,481.5451,0.1200,True
Place,589.7024,2.2121,True
Place,589.7024,0.0829,True
Place,589.7024,0.0902,True
Place,589.7024,0.0901,True
Place,589.7024,0.1151,True
Place,589.7024,0.1043,True
Place,589.7024,0.1011,True
Place,589.7024,0.1288,True
Place,589.7024,0.1006,True
Place,589.7024,0.1177,True
Place,589.7024,0.1088,True
Place,589.7024,0.1331,True
Place,589.7024,0.1123,True
Place,589.7024,0.1349,True
Place,589.7024,0.1077,True
Place,589.7024,0.1298,True
Place,589.7024,0.1165,True
Place,589.7024,0.1268,True
Place,589.7024,0.1137,True
Place,589.7024,0.1260,True
Place,589.7024,0.1091,True
Place,589.7024,0.1213,True
Place,589.7024,0.1033,True
Place,589.7024,0.1077,True
Place,589.7024,0.1100,True
Place,589.7024,0.1147,True
Place,589.7024,0.2199,True
Place,589.7024,0.1175,True
Place,589.7024,0.1137,True
Place,589.7024,0.1216,True
Place,589.7024,0.1174,True
Place,589.7024,0.1209,True
Place,589.7024,0.1192,True
Place,589.7024,0.1224,True
Place,589.7024,0.1161,True
Place,589.7024,0.1166,True
Place,589.7024,0.1149,True
Place,589.7024,0.1282,True
Place,589.7024,0.1099,True
Place,589.7024,0.1366,True
Place,589.7024,0.1069,True
Place,589.7024,0.1247,True
Place,589.7024,0.1140,True
Place,589.7024,0.1230,True
Place,589.7024,0.1071,True
Place,589.7024,0.1277,True
Place,589.7024,0.1077,True
Place,589.7024,0.1175,True
Place,589.7024,0.1040,True
Place,589.7024,0.1044,True
Place,589.7024,0.1186,True
Place,589.7024,0.1122,True
Place,589.7024,0.1194,True
Place,589.7024,0.1184,True
Place,589.7024,0.1091,True
Place,589.7024,0.1094,True
Place,589.7024,0.1129,True
Place,589.7024,0.1059,True
Place,589.7024,0.1156,True
Place,589.7024,0.1045,True
Place,589.7024,0.1380,True
Place,589.7024,0.1153,True
Place,589.7024,0.1214,True
Place,589.7024,0.1095,True
Place,589.7024,0.1309,True
Place,886.3057,0.1078,True
Place,911.2859,0.0883,True
Place,911.2859,0.0889,True
Place,911.2859,0.0910,True
Place,911.2859,0.1086,True
Place,911.2859,0.1076,True
Place,911.2859,0.1038,True
Place,911.2859,0.1328,True
Place,911.2859,0.1165,True
Place,911.2859,0.1119,True
Place,911.2859,0.1140,True
Place,911.2859,0.1110,True
Place,911.2859,0.1266,True
Place,911.2859,0.1178,True
Place,911.2859,0.1168,True
Place,911.2859,0.1131,True
Place,911.2859,0.1218,True
Place,911.2859,0.1149,True
Place,911.2859,0.1300,True
Place,911.2859,0.1164,True
ChongWengKit,911.2859,22.7366,True
ChongWengKit,911.2859,0.3110,Error, Remaining points: 1
ChongWengKit,911.2859,0.1010,True
ChongWengKit,838.3769,7.1327,True
ChongWengKit,838.3769,0.2079,True
ChongWengKit,838.3769,0.0924,True
ChongWengKit,838.3769,0.1016,True
ChongWengKit,838.3769,0.1043,True
ChongWengKit,838.3769,0.1061,True
ChongWengKit,838.3769,0.1120,True
ChongWengKit,838.3769,0.1148,True
ChongWengKit,838.3769,0.2105,True
ChongWengKit,838.3769,0.1177,True
ChongWengKit,838.3769,0.1436,True
ChongWengKit,838.3769,0.1332,True
ChongWengKit,838.3769,0.1017,True
ChongWengKit,838.3769,0.1090,True
ChongWengKit,838.3769,0.1167,True
ChongWengKit,838.3769,0.1419,True
ChongWengKit,838.3769,0.1269,True
ChongWengKit,838.3769,0.1391,True
ChongWengKit,838.3769,0.1375,True
ChongWengKit,838.3769,0.0994,True
ChongWengKit,838.3769,0.0969,True
ChongWengKit,838.3769,0.1393,True
ChongWengKit,838.3769,0.1144,True
ChongWengKit,838.3769,0.1183,True
ChongWengKit,838.3769,0.1264,True
ChongWengKit,838.3769,0.1122,True
ChongWengKit,838.3769,0.1198,True
ChongWengKit,838.3769,0.1042,True
ChongWengKit,838.3769,0.1183,True
ChongWengKit,911.2859,8.2712,True
ChongWengKit,911.2859,0.1227,True
ChongWengKit,835.2098,1.3596,True
ChongWengKit,838.3769,4.1156,True
ChongWengKit,838.3769,0.0842,True
ChongWengKit,838.3769,0.0827,True
ChongWengKit,838.3769,0.0698,True
ChongWengKit,838.3769,0.0734,True
ChongWengKit,838.3769,0.0872,True
ChongWengKit,835.2098,0.8373,True
ChongWengKit,886.7026,0.0803,True
ChongWengKit,896.1172,0.0795,True
ChongWengKit,896.1172,0.1069,True
ChongWengKit,887.3804,0.2789,True
ChongWengKit,879.773,2.1312,True
ChongWengKit,984.7399,0.0809,True
ChongWengKit,956.619,0.1027,True
ChongWengKit,956.1612,0.2945,True
ChongWengKit,895.4059,0.0828,True
ChongWengKit,1043.5145,0.1118,True
ChongWengKit,969.711,0.2713,True
ChongWengKit,591.4574,0.0793,True
ChongWengKit,591.4574,0.2193,True
ChongWengKit,868.002,0.1289,True
ChongWengKit,868.002,0.3144,True
ChongWengKit,917.3352,0.0917,True
ChongWengKit,775.2731,0.1246,True
ChongWengKit,764.4869,0.1038,True
ChongWengKit,764.4869,0.1183,True
ChongWengKit,764.4869,0.3544,True
ChongWengKit,764.4869,2.7269,True
ChongWengKit,964.8676,0.0868,True
ChongWengKit,949.4838,0.3050,True
ChongWengKit,949.4838,2.0430,True
ChongWengKit,949.4838,44.5698,True
ChongWengKit,677.055,0.1633,True
ChongWengKit,677.055,0.8517,True
ChongWengKit,464.2629,0.1197,True
ChongWengKit,464.2629,0.1184,True
ChongWengKit,464.2629,0.8247,True
ChongWengKit,430.9552,77.0428,True
ChongWengKit,430.9552,146.4516,True
ChongWengKit,431.5352,6.9681,True
ChongWengKit,464.2629,0.6422,True
ChongWengKit,415.3222,5.0692,True
ChongWengKit,423.3233,90.8534,Error, Remaining points: 1
ChongWengKit,645.4472,0.0909,True
ChongWengKit,618.1522,0.0982,True
ChongWengKit,618.1522,0.1330,True
ChongWengKit,618.1522,0.7474,True
ChongWengKit,618.1522,4.4109,True
ChongWengKit,578.9911,0.1004,True
ChongWengKit,576.7813,0.1368,True
ChongWengKit,576.7813,0.5538,True
ChongWengKit,396.4772,0.0885,True
ChongWengKit,373.5342,0.0904,True
ChongWengKit,607.4539,0.0964,True
ChongWengKit,607.4539,0.0953,True
ChongWengKit,607.4539,0.1543,True
ChongWengKit,607.4539,1.1890,True
ChongWengKit,592.3774,4.4421,True
ChongWengKit,592.3774,63.4215,True
ChongWengKit,538,0.1083,True
ChongWengKit,538,0.0903,True
ChongWengKit,538,5.8540,True
ChongWengKit,484.2448,87.0557,True
ChongWengKit,485.9008,0.1358,True
ChongWengKit_1901782,262.3738,0.4364,True
ChongWengKit,485.9008,0.8739,True
ChongWengKit,602.9917,0.5031,True
ChongWengKit,573.5498,94.0325,True
ChongWengKit,518.0463,0.1067,True
ChongWengKit,518.0463,0.1929,True
ChongWengKit,518.0463,0.7071,True
ChongWengKit,518.0463,5.1281,True
ChongWengKit,349.4366,0.6394,True
ChongWengKit,349.4366,5.6308,True
ChongWengKit,349.4366,0.5583,True
ChongWengKit,349.4366,0.8717,True
ChongWengKit,349.4366,2.9888,True
ChongWengKit,349.4366,0.7711,True
ChongWengKit,349.4366,5.6087,True
ChongWengKit,349.4366,0.6370,True
ChongWengKit,349.4366,1.2349,True
ChongWengKit,349.4366,7.9409,True
ChongWengKit,349.4366,0.7154,True
ChongWengKit,349.4366,0.4730,True
ChongWengKit,349.4366,2.2650,True
ChongWengKit,347.7829,6.9576,True
ChongWengKit,271.9997,4.2159,Error, Remaining points: 3
ChongWengKit,271.9997,4.2312,Error, Remaining points: 3
ChongWengKit,347.7829,4.6588,True
ChongWengKit,836.1864,0.5909,True
ChongWengKit,916.6859,0.3422,True
ChongWengKit,585.4319,0.0995,True
ChongWengKit,1114.4303,1.9515,Error, Remaining points: 1
ChongWengKit,1110.4356,0.3130,True
ChongWengKit,904.6734,0.3446,True
ChongWengKit,895.3611,2.0922,True
ChongWengKit,826.5846,0.2462,True
ChongWengKit,1390.9945,1.7066,True
ChongWengKit,1691.2635,0.2884,True
ChongWengKit,1300.1062,0.3014,True
ChongWengKit,726.1078,0.1082,True
ChongWengKit,687.4964,2.5745,True
ChongWengKit,574.9534,0.1029,True
ChongWengKit,1005.8586,0.1378,True
ChongWengKit,295.746,0.3442,True
ChongWengKit,766.4174,0.1362,True
ChongWengKit,110.8752,0.3691,True
ChongWengKit,273.3587,2.1241,True
ChongWengKit,1198.4642,1.8700,True
ChongWengKit,1198.4642,2.7044,True
ChongWengKit,1198.4642,3.1402,True
ChongWengKit,1198.4642,3.0502,True
ChongWengKit,1210.7527,2.1947,True
ChongWengKit,366.7571,0.2018,True
ChongWengKit,366.7571,0.1965,True
ChongWengKit,366.7571,0.2662,True
ChongWengKit,366.7571,25.1937,True
ChongWengKit,306.6549,0.1285,True
ChongWengKit,306.6549,0.1962,True
ChongWengKit,306.6549,0.5950,True
ChongWengKit,733.2493,0.1597,True
ChongWengKit,266.0575,0.1508,True
ChongWengKit,266.0575,0.1670,True
ChongWengKit,245.0699,3.9978,True
ChongWengKit,436.6058,0.1703,True
ChongWengKit,460.5078,4.5734,True
ChongWengKit,1025.4643,43.6159,True
ChongWengKit,1025.4643,4.1854,True
ChongWengKit,917.72,43.6659,True
ChongWengKit,467.9527,0.3799,True
ChongWengKit,447.5482,0.4783,True
ChongWengKit,447.5482,1.1240,True
ChongWengKit,447.5482,0.5192,True
ChongWengKit,743.8735,2.9599,True
ChongWengKit,495.781,0.0964,True
ChongWengKit,542.5521,0.1044,True
ChongWengKit,542.5521,0.1915,True
ChongWengKit,508.6175,0.2006,Error, Remaining points: 1
ChongWengKit,508.6175,0.1011,Error, Remaining points: 1
ChongWengKit,508.6175,0.1078,Error, Remaining points: 1
ChongWengKit,508.6175,0.1206,Error, Remaining points: 1
ChongWengKit,508.6175,0.1423,Error, Remaining points: 1
ChongWengKit,557.782,0.1151,True
ChongWengKit,557.782,0.1254,True
ChongWengKit,557.782,0.1924,True
ChongWengKit,828.0669,0.1240,True
ChongWengKit,628.3815,0.1050,True
ChongWengKit,628.3815,0.1175,True
ChongWengKit,603.5758,0.1695,True
ChongWengKit,603.5758,0.7451,True
ChongWengKit,612.3259,0.1391,True
ChongWengKit,612.3259,0.2244,True
ChongWengKit,612.3259,0.3793,True
ChongWengKit,592.2053,0.3723,Error, Remaining points: 1
ChongWengKit,478.7054,0.3996,True
ChongWengKit,478.7054,0.4266,True
ChongWengKit,478.7054,0.4998,True
ChongWengKit,472.6643,2.1027,True
ChongWengKit,472.6643,19.8340,True
ChongWengKit,472.6643,23.6103,True
Change,452.7993,7.0530,Error, Remaining points: 1
Change,452.7993,70.1235,Error, Remaining points: 1
Change,452.7993,80.8189,Error, Remaining points: 1
ChongWengKit,460.3872,67.1925,True
ChongWengKit,949.9974,0.1496,True
ChongWengKit,904.2867,0.5189,True
ChongWengKit,896.5881,0.1535,True
ChongWengKit,1038.7259,0.1286,True
ChongWengKit,640.915,0.0998,True
ChongWengKit,594.8952,0.1120,True
ChongWengKit,594.8952,0.2414,True
ChongWengKit,829.4802,0.0941,True
ChongWengKit,1200.6593,33.2881,True
ChongWengKit,959.779,0.1269,True
ChongWengKit,1076.7569,0.0961,True
ChongWengKit,1044.5983,0.1253,True
ChongWengKit,992.0624,0.1470,True
ChongWengKit,1009.0744,0.1420,True
ChongWengKit,587.6869,0.1188,True
ChongWengKit,1205.4256,0.4118,True
ChongWengKit,918.537,35.6046,True
ChongWengKit,886.9238,0.0940,True
ChongWengKit,293.3735,0.1528,True
ChongWengKit,287.7215,0.6076,True
ChongWengKit,371.9418,5.3074,True
ChongWengKit,484.6273,0.0996,True
ChongWengKit,586.1839,0.1017,True
ChongWengKit,586.1839,0.1236,True
ChongWengKit,589.7098,0.1617,True
ChongWengKit,919.2644,0.1079,True
ChongWengKit,919.2644,0.1515,True
ChongWengKit,919.2644,0.5337,True
ChongWengKit,908.5435,3.8243,True
WaterBomber,907.1787,0.1205,Error, Remaining points: 1
ChongWengKit,908.5435,4.2567,True
ChongWengKit,932.3795,0.1064,True
ChongWengKit,764.978,0.6306,True
ChongWengKit,529.0501,0.1839,True
ChongWengKit,529.0501,4.0955,True
ChongWengKit,1242.5145,23.4100,True
ChongWengKit,457.0603,9.5329,True
ChongWengKit,556.2876,3.1220,True
ChongWengKit,565.5265,2.1640,True
ChongWengKit,729.2121,1.1795,True
ChongWengKit,823.8653,1.8290,True
ChongWengKit,1070.5024,10.7283,True
ChongWengKit,1070.5024,148.1555,True
ChongWengKit,1070.5024,46.7691,True
ChongWengKit,1131.8182,0.1610,True
ChongWengKit,1091.0518,0.4593,True
ChongWengKit,1080.8334,9.0125,True
ChongWengKit,1168.94,48.3609,True
ChongWengKit,749.9051,0.1296,True
ChongWengKit,749.9051,0.1146,True
ChongWengKit,749.9051,0.1283,True
ChongWengKit,730.3674,0.1252,True
ChongWengKit,714.1137,0.1823,True
ChongWengKit,704.8726,0.7863,True
ChongWengKit,704.8726,0.4927,True
ChongWengKit,1277.1731,0.0972,True
ChongWengKit,1250.7583,0.1236,True
ChongWengKit,1250.7583,0.3733,True
ChongWengKit,1250.7583,2.5637,True
ChongWengKit,1263.2239,36.3902,True
ChongWengKit,970.1398,0.1031,True
ChongWengKit,1401.606,3.2655,True
ChongWengKit,1401.606,4.4184,True
ChongWengKit,1059.299,0.1081,True
ChongWengKit,931.8016,0.0993,True
ChongWengKit,1009.3878,0.1073,True
ChongWengKit,1009.3878,0.0995,True
ChongWengKit,923.6106,0.1132,True
ChongWengKit,992.4977,0.1415,True
ChongWengKit,986.5649,0.1092,True
ChongWengKit,1201.3551,0.0997,True
ChongWengKit,1236.8151,0.1037,True
ChongWengKit,1236.8151,0.1263,True
ChongWengKit,1101.5858,0.1033,True
ChongWengKit,1008.9013,0.1329,True
ChongWengKit,1142.5114,0.0951,True
ChongWengKit,1386.4263,31.1679,True
ChongWengKit,1404.875,35.8693,True
ChongWengKit,1437.0325,30.5950,True
ChongWengKit,619.7627,0.2041,True
ChongWengKit,619.7627,0.1018,True
ChongWengKit,619.7627,0.1227,True
ChongWengKit,619.7627,0.1481,True
ChongWengKit,772.9852,0.1148,True
ChongWengKit,1107.1328,0.1156,True
ChongWengKit,1212.0856,0.4265,True
ChongWengKit,1179.9626,4.0122,True
ChongWengKit,1179.9626,4.1473,True
ChongWengKit,1175.1077,4.1050,Error, Remaining points: 1
ChongWengKit,1179.9626,2.7434,True
ChongWengKit,835.8376,0.1312,True
ChongWengKit,835.8376,0.1485,True
ChongWengKit,827.1652,0.5279,True
ChongWengKit,814.9156,3.9500,True
ChongWengKit,814.9156,3.8179,True
ChongWengKit,658.2524,4.8464,True
ChongWengKit,697.0452,0.1100,True
ChongWengKit,697.0452,0.0910,True
ChongWengKit,697.0452,0.0878,True
ChongWengKit,697.0452,0.0946,True
ChongWengKit,697.0452,0.0843,True
ChongWengKit,697.0452,0.1145,True
ChongWengKit,697.0452,0.0949,True
ChongWengKit,697.0452,0.0816,True
ChongWengKit,697.0452,0.0976,True
ChongWengKit,697.0452,0.1047,True
ChongWengKit,697.0452,0.0839,True
ChongWengKit,697.0452,0.0973,True
ChongWengKit,697.0452,0.1437,True
ChongWengKit,697.0452,0.1171,True
ChongWengKit,412.6207,0.1050,True
ChongWengKit,780.0428,0.0870,True
ChongWengKit,598.0898,0.0842,True
ChongWengKit,1209.5541,0.4014,True
ChongWengKit,1209.5541,0.4224,True
ChongWengKit,920.2664,32.2507,True
ChongWengKit,920.2664,38.5447,True
ChongWengKit,985.6721,0.5315,True
ChongWengKit,781.8762,0.0859,True
ChongWengKit,926.9103,23.1062,Error, Remaining points: 2
ChongWengKit,926.9103,21.2618,Error, Remaining points: 2
ChongWengKit,926.9103,19.4845,Error, Remaining points: 2
ChongWengKit,1106.4571,32.5312,True
ChongWengKit,926.9103,21.3570,Error, Remaining points: 2
ChongWengKit,926.9103,25.3209,Error, Remaining points: 2
ChongWengKit,926.9103,23.8214,Error, Remaining points: 2
ChongWengKit,926.9103,41.5069,Error, Remaining points: 2
ChongWengKit,926.9103,38.2878,Error, Remaining points: 2
ChongWengKit,1106.4571,22.6516,True
ChongWengKit,1015.9373,0.3889,True
ChongWengKit,1015.9373,0.1092,True
ChongWengKit,1015.9373,0.1089,True
ChongWengKit,1015.9373,0.1056,True
ChongWengKit,1015.9373,0.1090,True
ChongWengKit,1015.9373,0.1017,True
ChongWengKit,1015.9373,0.1131,True
ChongWengKit,1015.9373,0.1051,True
ChongWengKit,1015.9373,0.1007,True
ChongWengKit,1015.9373,0.1190,True
ChongWengKit,1015.9373,0.1010,True
ChongWengKit,1015.9373,0.1331,True
ChongWengKit,1015.9373,0.1040,True
ChongWengKit,1015.9373,0.1099,True
ChongWengKit,1015.9373,0.1017,True
ChongWengKit,1015.9373,0.1031,True
Place,1015.9373,0.5189,True
Place,1015.9373,0.1078,True
Place,1015.9373,0.1104,True
Place,1015.9373,0.1384,True
Place,1015.9373,0.1118,True
Place,1015.9373,0.1109,True
Place,1015.9373,0.1282,True
Place,1015.9373,0.1060,True
Place,1015.9373,0.1091,True
Place,1015.9373,0.1207,True
Place,1015.9373,0.1052,True
Place,1015.9373,0.1260,True
Place,1015.9373,0.1135,True
Place,1015.9373,0.1410,True
Place,1015.9373,0.1118,True
Place,1015.9373,0.1165,True
Place,1015.9373,0.1510,True
Place,1015.9373,0.1208,True
Place,1015.9373,0.1690,True
Place,1015.9373,0.1371,True
Place,1015.9373,0.1142,True
Place,1015.9373,0.1360,True
Place,1015.9373,0.1187,True
Place,1015.9373,0.1194,True
Place,1015.9373,0.1200,True
Place,1015.9373,0.1441,True
Place,1015.9373,0.1175,True
Place,1015.9373,0.1167,True
Place,1015.9373,0.1113,True
Place,1015.9373,0.1048,True
Place,1015.9373,0.1183,True
Place,1015.9373,0.1054,True
Place,1015.9373,0.1061,True
Place,1015.9373,0.3269,True
Place,1015.9373,0.1141,True
Place,1015.9373,0.1102,True
Place,1015.9373,0.1358,True
Place,1015.9373,0.1282,True
Place,1015.9373,0.1198,True
Place,1015.9373,0.1277,True
Place,1015.9373,0.1207,True
Place,1015.9373,0.1203,True
ChongWengKit,1015.9373,0.4003,True
ChongWengKit,1107.0762,0.1056,True
ChongWengKit,994.5678,0.0796,True
ChongWengKit,930.745,0.1006,True
ChongWengKit,1153.2204,0.0871,True
ChongWengKit,1164.5382,0.2479,True
ChongWengKit,449.088,0.1587,True
ChongWengKit,274.1824,0.1438,Error, Remaining points: 1
ChongWengKit,274.1824,0.1383,Error, Remaining points: 1
ChongWengKit,274.1824,0.1376,Error, Remaining points: 1
ChongWengKit,274.1824,0.1371,Error, Remaining points: 1
ChongWengKit,274.1824,0.1378,Error, Remaining points: 1
ChongWengKit,274.1824,0.1480,Error, Remaining points: 1
ChongWengKit,274.1824,0.1366,Error, Remaining points: 1
ChongWengKit,274.1824,0.1661,Error, Remaining points: 1
ChongWengKit,274.1824,0.1315,Error, Remaining points: 1
ChongWengKit,274.1824,0.1409,Error, Remaining points: 1
ChongWengKit,274.1824,0.1538,Error, Remaining points: 1
ChongWengKit,307.5365,0.3464,True
ChongWengKit,307.5365,0.5868,True
ChongWengKit,977.2369,0.1214,True
ChongWengKit,961.4029,0.0886,True
ChongWengKit,913.8576,0.0863,True
ChongWengKit,590.1109,0.6572,True
ChongWengKit,549.956,5.3358,Error, Remaining points: 1
ChongWengKit,549.956,1.0106,Error, Remaining points: 1
ChongWengKit,549.956,1.0703,Error, Remaining points: 1
ChongWengKit,590.1109,1.4429,True
ChongWengKit,549.956,8.2943,Error, Remaining points: 1
ChongWengKit,549.956,1.0294,Error, Remaining points: 1
ChongWengKit,590.1109,0.9605,True
ChongWengKit,590.1109,1.0071,True
ChongWengKit,590.1109,0.9911,True
ChongWengKit,549.956,1.1735,Error, Remaining points: 1
ChongWengKit,590.1109,1.1461,True
ChongWengKit,1015.9373,0.4851,True
ChongWengKit,1015.9373,0.1338,True
ChongWengKit,1015.9373,0.1313,True
ChongWengKit,1015.9373,0.1656,True
ChongWengKit,1015.9373,0.1487,True
ChongWengKit,1015.9373,0.1490,True
ChongWengKit,1015.9373,0.1519,True
ChongWengKit,1015.9373,0.1398,True
ChongWengKit,1015.9373,0.1604,True
ChongWengKit,1015.9373,0.1579,True
ChongWengKit,1015.9373,0.1882,True
ChongWengKit,1015.9373,0.1722,True
ChongWengKit,1015.9373,0.1929,True
ChongWengKit,1015.9373,0.2071,True
ChongWengKit,1015.9373,0.1593,True
ChongWengKit,1015.9373,0.1611,True
ChongWengKit,1015.9373,0.1620,True
ChongWengKit,1015.9373,0.1946,True
ChongWengKit,1015.9373,0.1890,True
ChongWengKit,1015.9373,0.5906,True
ChongWengKit,1015.9373,0.1491,True
ChongWengKit,1015.9373,0.1477,True
ChongWengKit,1015.9373,0.1651,True
ChongWengKit,1015.9373,0.1628,True
ChongWengKit,1015.9373,0.1543,True
ChongWengKit,1015.9373,0.1505,True
ChongWengKit,1015.9373,0.1522,True
ChongWengKit,1015.9373,0.1701,True
ChongWengKit,1015.9373,0.1794,True
ChongWengKit,1015.9373,0.1538,True
ChongWengKit,1015.9373,0.1466,True
ChongWengKit,1015.9373,0.2254,True
ChongWengKit,1015.9373,0.1723,True
ChongWengKit,1015.9373,0.1726,True
ChongWengKit,1015.9373,0.1515,True
ChongWengKit,1015.9373,1.1504,True
ChongWengKit,1015.9373,0.1157,True
ChongWengKit,1015.9373,0.1186,True
ChongWengKit,1015.9373,0.1180,True
ChongWengKit,1015.9373,0.1253,True
ChongWengKit,1015.9373,0.1548,True
ChongWengKit,1015.9373,0.1190,True
ChongWengKit,1015.9373,0.1189,True
ChongWengKit,1015.9373,0.3655,True
ChongWengKit,1015.9373,0.1993,True
ChongWengKit,1015.9373,0.1783,True
ChongWengKit,1015.9373,0.1541,True
ChongWengKit,1015.9373,0.1436,True
ChongWengKit,1015.9373,0.1431,True
ChongWengKit,1015.9373,0.1579,True
ChongWengKit,1015.9373,0.1832,True
ChongWengKit,1015.9373,0.1963,True
ChongWengKit,1015.9373,0.1780,True
ChongWengKit,1015.9373,0.1626,True
ChongWengKit,1015.9373,0.5633,True
ChongWengKit,1015.9373,0.2334,True
ChongWengKit,1015.9373,0.2409,True
ChongWengKit,1015.9373,0.2497,True
ChongWengKit,1015.9373,0.2396,True
ChongWengKit,1015.9373,0.2360,True
ChongWengKit,1015.9373,0.2471,True
ChongWengKit,1015.9373,0.2606,True
ChongWengKit,1015.9373,0.2409,True
ChongWengKit,1015.9373,0.2423,True
ChongWengKit,1015.9373,0.2424,True
ChongWengKit,1015.9373,0.2428,True
ChongWengKit,1015.9373,0.2356,True
ChongWengKit,1015.9373,0.2356,True
ChongWengKit,1015.9373,0.2410,True
ChongWengKit,1015.9373,0.2526,True
ChongWengKit,1015.9373,0.2559,True
ChongWengKit,1015.9373,0.2628,True
ChongWengKit,1015.9373,0.2412,True
ChongWengKit,1015.9373,0.2349,True
ChongWengKit,1015.9373,0.2367,True
ChongWengKit,1015.9373,0.2494,True
ChongWengKit,1015.9373,1.5950,True
ChongWengKit,1015.9373,0.1255,True
ChongWengKit,1015.9373,0.1237,True
ChongWengKit,1015.9373,0.1075,True
ChongWengKit,1015.9373,0.1090,True
ChongWengKit,1015.9373,0.1108,True
ChongWengKit,1015.9373,0.5027,True
ChongWengKit,1015.9373,0.2765,True
ChongWengKit,1015.9373,0.2873,True
ChongWengKit,1015.9373,0.2845,True
ChongWengKit,1015.9373,0.2694,True
ChongWengKit,1015.9373,0.2729,True
ChongWengKit,1015.9373,0.2944,True
ChongWengKit,1015.9373,0.2982,True
ChongWengKit,1015.9373,0.2920,True
ChongWengKit,1015.9373,0.3013,True
ChongWengKit,1015.9373,0.2673,True
ChongWengKit,1015.9373,0.2714,True
ChongWengKit,1015.9373,0.6774,True
ChongWengKit,1015.9373,0.1363,True
ChongWengKit,1015.9373,0.1414,True
ChongWengKit,1015.9373,0.1510,True
ChongWengKit,1015.9373,0.1388,True
ChongWengKit,1015.9373,0.1654,True
ChongWengKit,1033.4459,0.1355,True
ChongWengKit,323.7901,0.1539,True
ChongWengKit,293.3189,0.6829,True
ChongWengKit,202.0532,0.0948,True
ChongWengKit,198.3213,0.0955,True
ChongWengKit,198.3213,0.0889,True
ChongWengKit,198.3213,0.0907,True
ChongWengKit,198.3213,0.0873,True
ChongWengKit,198.3213,0.0908,True
ChongWengKit,198.3213,0.0930,True
ChongWengKit,198.3213,0.0875,True
ChongWengKit,198.3213,0.0905,True
ChongWengKit,198.3213,0.0866,True
ChongWengKit,198.3213,0.0863,True
ChongWengKit,198.3213,0.3805,True
ChongWengKit,202.0532,0.3496,True
ChongWengKit,733.1349,0.5856,True
ChongWengKit,985.8054,0.0860,True
ChongWengKit,204.6363,0.0792,True
ChongWengKit,71.6101,0.0813,True
ChongWengKit,354.9965,0.0841,True
ChongWengKit,211.8962,0.0901,True
ChongWengKit,215.8703,0.0766,True
ChongWengKit,193.9357,0.0797,True
ChongWengKit,187.0944,0.5215,True
ChongWengKit,187.0944,0.5652,True
ChongWengKit,187.0944,0.1082,True
ChongWengKit,187.0944,0.1446,True
ChongWengKit,187.0944,0.1251,True
ChongWengKit,187.0944,0.1240,True
ChongWengKit,187.0944,0.1643,True
ChongWengKit,965.17,1.2993,True
ChongWengKit,965.17,1.4656,True
ChongWengKit,965.17,1.3073,True
ChongWengKit,965.17,1.7031,True
ChongWengKit,965.17,1.6241,True
ChongWengKit,965.17,1.4972,True
ChongWengKit,965.17,0.5013,True
ChongWengKit,965.17,0.3997,True
ChongWengKit,965.17,0.4107,True
ChongWengKit,965.17,0.4308,True
ChongWengKit,965.17,0.3953,True
ChongWengKit,965.17,0.4214,True
ChongWengKit,965.17,0.4134,True
ChongWengKit,965.17,0.4303,True
ChongWengKit,965.17,0.3999,True
ChongWengKit,965.17,0.4096,True
ChongWengKit,965.17,0.4152,True
ChongWengKit,965.17,0.4421,True
ChongWengKit,965.17,0.5259,True
ChongWengKit,965.17,0.5447,True
ChongWengKit,965.17,0.4395,True
ChongWengKit,965.17,1.3772,True
ChongWengKit,965.17,0.5435,True
ChongWengKit,965.17,0.4123,True
ChongWengKit,965.17,0.4370,True
ChongWengKit,965.17,0.4071,True
ChongWengKit,965.17,0.4115,True
ChongWengKit,965.17,0.4204,True
ChongWengKit,965.17,0.4020,True
ChongWengKit,965.17,0.4116,True
ChongWengKit,965.17,0.4048,True
ChongWengKit,965.17,0.4325,True
ChongWengKit,965.17,0.3892,True
ChongWengKit,965.17,0.4110,True
ChongWengKit,965.17,0.4181,True
ChongWengKit,965.17,0.4317,True
ChongWengKit,965.17,0.4486,True
ChongWengKit,965.17,0.4220,True
ChongWengKit,965.17,0.4124,True
ChongWengKit,965.17,0.4092,True
ChongWengKit,965.17,0.4155,True
ChongWengKit,965.17,0.4074,True
ChongWengKit,965.17,0.4683,True
ChongWengKit,965.17,0.7359,True
ChongWengKit,965.17,0.4089,True
ChongWengKit,965.17,0.4029,True
ChongWengKit,965.17,0.4043,True
ChongWengKit,965.17,0.4241,True
ChongWengKit,965.17,0.4137,True
ChongWengKit,965.17,0.4052,True
ChongWengKit,965.17,0.4005,True
ChongWengKit,965.17,0.4229,True
ChongWengKit,965.17,0.4921,True
ChongWengKit,965.17,0.5173,True
ChongWengKit,965.17,0.3980,True
ChongWengKit,965.17,0.4267,True
ChongWengKit,965.17,0.4329,True
ChongWengKit,965.17,0.3979,True
ChongWengKit,965.17,0.4391,True
ChongWengKit,965.17,0.4314,True
ChongWengKit,965.17,0.9357,True
ChongWengKit,965.17,0.7980,True
ChongWengKit,965.17,0.7859,True
ChongWengKit,965.17,0.7758,True
ChongWengKit,965.17,0.7480,True
ChongWengKit,965.17,0.7616,True
ChongWengKit,965.17,0.8042,True
ChongWengKit,965.17,0.8237,True
ChongWengKit,965.17,0.7504,True
ChongWengKit,965.17,0.9098,True
ChongWengKit,965.17,0.4087,True
ChongWengKit,965.17,0.4252,True
ChongWengKit,965.17,0.4263,True
ChongWengKit,965.17,4.3880,True
ChongWengKit,965.17,0.4872,True
ChongWengKit,965.17,0.4609,True
ChongWengKit,965.17,0.4915,True
ChongWengKit,965.17,0.4859,True
ChongWengKit,965.17,0.4791,True
ChongWengKit,965.17,0.4808,True
ChongWengKit,965.17,0.4848,True
ChongWengKit,965.17,0.4799,True
ChongWengKit,965.17,0.4906,True
ChongWengKit,965.17,0.4762,True
ChongWengKit,965.17,0.4789,True
ChongWengKit,965.17,0.4682,True
ChongWengKit,965.17,0.5099,True
ChongWengKit,965.17,0.4998,True
ChongWengKit,965.17,0.4990,True
ChongWengKit,965.17,0.4855,True
ChongWengKit,965.17,0.3967,True
ChongWengKit,965.17,0.4334,True
ChongWengKit,965.17,0.4156,True
ChongWengKit,965.17,0.4286,True
ChongWengKit,965.17,0.4027,True
ChongWengKit,965.17,0.4240,True
ChongWengKit,965.17,0.7476,True
ChongWengKit,965.17,0.5040,True
ChongWengKit,965.17,0.5394,True
ChongWengKit,965.17,0.6284,True
ChongWengKit,965.17,0.4660,True
ChongWengKit,965.17,0.5040,True
ChongWengKit,965.17,0.6492,True
ChongWengKit,965.17,0.4940,True
ChongWengKit,965.17,0.4922,True
ChongWengKit,965.17,0.4782,True
ChongWengKit,965.17,0.4781,True
ChongWengKit,965.17,0.4825,True
ChongWengKit,965.17,0.4786,True
ChongWengKit,965.17,0.4980,True
ChongWengKit,965.17,0.4998,True
ChongWengKit,965.17,0.4804,True
ChongWengKit,965.17,0.4992,True
ChongWengKit,965.17,0.5630,True
ChongWengKit,965.17,0.6452,True
ChongWengKit,965.17,0.6333,True
ChongWengKit,965.17,0.5825,True
ChongWengKit,965.17,0.6069,True
ChongWengKit,965.17,0.4120,True
ChongWengKit,965.17,0.4277,True
ChongWengKit,965.17,0.4190,True
ChongWengKit,965.17,0.4065,True
ChongWengKit,965.17,0.4049,True
ChongWengKit,965.17,0.4051,True
ChongWengKit,965.17,1.1340,True
ChongWengKit,965.17,0.4764,True
ChongWengKit,965.17,0.5123,True
ChongWengKit,965.17,0.5247,True
ChongWengKit,965.17,0.5163,True
ChongWengKit,965.17,0.5365,True
ChongWengKit,1187.6663,52.7894,True
ChongWengKit,1187.6663,55.2126,True
ChongWengKit,1187.6663,46.0073,True
ChongWengKit,1187.6663,55.9221,True
ChongWengKit,1187.6663,41.4853,True
ChongWengKit,1187.6663,48.0906,True
ChongWengKit,1187.6663,61.6350,True
ChongWengKit,1187.6663,45.1910,True
ChongWengKit,1187.6663,49.9288,True
ChongWengKit,1187.6663,57.8273,True
ChongWengKit,1187.6663,47.6433,True
ChongWengKit,1187.6663,48.8004,True
ChongWengKit,1187.6663,47.9511,True
ChongWengKit,1187.6663,38.5802,True
ChongWengKit,1187.6663,63.7572,True
ChongWengKit,1187.6663,51.0212,True
ChongWengKit,1187.6663,49.7259,True
ChongWengKit,1187.6663,45.8346,True
ChongWengKit,1187.6663,53.5069,True
ChongWengKit,1187.6663,48.4099,True
ChongWengKit,1187.6663,47.9748,True
ChongWengKit,1187.6663,46.6700,True
ChongWengKit,1187.6663,46.8753,True
ChongWengKit,1187.6663,50.8723,True
ChongWengKit,1187.6663,45.9639,True
ChongWengKit,1187.6663,53.8162,True
ChongWengKit,1187.6663,49.8680,True
ChongWengKit,1187.6663,35.8935,True
ChongWengKit,1187.6663,38.2133,True
ChongWengKit,1187.6663,37.7184,True
ChongWengKit,1187.6663,45.3981,True
ChongWengKit,1187.6663,38.4352,True
ChongWengKit,1187.6663,39.7329,True
ChongWengKit,1187.6663,37.0123,True
ChongWengKit,1187.6663,41.2531,True
ChongWengKit,1187.6663,155.7139,True
ChongWengKit,1187.6663,158.2070,True
ChongWengKit,1187.6663,36.6698,True
ChongWengKit,1187.6663,37.0449,True
ChongWengKit,1187.6663,37.3665,True
ChongWengKit,1187.6663,38.9292,True
ChongWengKit,1187.6663,34.5058,True
ChongWengKit,1187.6663,51.6716,True
ChongWengKit,1187.6663,45.0239,True
ChongWengKit,1004.322,165.6294,Error, Remaining points: 1
ChongWengKit,547.3623,0.0896,Error, Remaining points: 1
ChongWengKit,548.3721,0.1024,Error, Remaining points: 1
ChongWengKit,853.5029,0.2165,Error, Remaining points: 1
ChongWengKit,1229.1037,0.1068,True
ChongWengKit,1015.1404,0.1231,True
ChongWengKit,772.7612,0.1608,Error, Remaining points: 1
ChongWengKit,860.4319,0.5256,True
ChongWengKit,1187.6663,54.4866,True
ChongWengKit,1187.6663,54.5751,True
ChongWengKit,1187.6663,36.2900,True
ChongWengKit,1187.6663,40.7197,True
ChongWengKit,1187.6663,40.0996,True
ChongWengKit,1187.6663,34.5927,True
ChongWengKit,1187.6663,52.2756,True
ChongWengKit,1187.6663,32.7982,True
ChongWengKit,1112.4457,0.2015,True
ChongWengKit,237.9147,0.2551,True
ChongWengKit,268.0308,0.1464,True
ChongWengKit,1061.1911,22.6336,True
ChongWengKit,885.3238,0.2914,True
ChongWengKit,812.8799,0.1561,True
ChongWengKit,1005.4419,4.7370,True
ChongWengKit,1236.0845,0.2248,True
ChongWengKit,607.547,0.6514,True
ChongWengKit,1187.6663,25.3068,True
ChongWengKit,1187.6663,23.2515,True
ChongWengKit,1187.6663,25.3438,True
ChongWengKit,1187.6663,36.3333,True
ChongWengKit,1187.6663,30.2670,True
ChongWengKit,1187.6663,26.1683,True
ChongWengKit,1187.6663,26.2235,True
ChongWengKit,1405.4181,39.1767,Error, Remaining points: 1
ChongWengKit,513.594,9.4469,Error, Remaining points: 1
ChongWengKit,773.8036,0.1760,True
ChongWengKit,973.9167,0.1210,Error, Remaining points: 1
ChongWengKit,867.4984,0.0957,True
ChongWengKit,533.4798,0.0986,Error, Remaining points: 1
ChongWengKit,1089.7157,0.1289,True
ChongWengKit,843.205,0.0983,True
ChongWengKit,557.9929,0.1226,Error, Remaining points: 1
ChongWengKit,819.6137,26.7302,True
ChongWengKit,570.2084,0.1600,True
ChongWengKit,254.2276,0.1024,True
ChongWengKit,701.3558,0.1353,True
ChongWengKit,1103.1259,0.1253,True
ChongWengKit,1103.1259,0.5910,True
ChongWengKit,636.9435,0.4541,True
ChongWengKit,290.4961,0.2711,True
ChongWengKit,268.4772,0.4322,True
ChongWengKit,498.3591,3.5311,True
ChongWengKit,723.0787,0.3434,True
ChongWengKit,296.5468,0.1766,True
ChongWengKit,241.6775,0.6375,True
ChongWengKit,251.1264,0.1048,True
ChongWengKit,251.1264,0.2650,True
ChongWengKit,195.7243,0.1492,True
ChongWengKit,951.209,0.3276,True
ChongWengKit,797.4428,0.3013,True
ChongWengKit,1072.4439,1.5544,True
ChongWengKit,1072.4439,58.2869,True
ChongWengKit,1072.4439,31.2308,True
ChongWengKit,1072.4439,0.7914,True
ChongWengKit,1072.4439,0.4232,True
ChongWengKit,1072.4439,0.5838,True
ChongWengKit,1072.4439,0.7550,True
ChongWengKit,1072.4439,0.6878,True
ChongWengKit,1072.4439,0.4063,True
ChongWengKit,1072.4439,0.4506,True
ChongWengKit,1072.4439,0.4087,True
ChongWengKit,1072.4439,2.8501,True
ChongWengKit,1072.4439,2.2436,True
ChongWengKit,1072.4439,2.2708,True
ChongWengKit,1072.4439,1.7187,True
ChongWengKit,1072.4439,1.8424,True
ChongWengKit,1072.4439,0.4163,True
ChongWengKit,729.2053,0.2740,True
ChongWengKit,912.9794,0.1705,True
ChongWengKit,274.5906,0.1999,True
ChongWengKit,265.3451,0.1793,True
ChongWengKit,159.1479,0.1622,True
ChongWengKit,657.5595,0.3232,True
ChongWengKit,711.4636,0.1077,True
ChongWengKit,711.4636,0.1231,True
ChongWengKit,677.9619,0.2525,True
ChongWengKit,637.6881,1.0427,True
ChongWengKit,589.6177,0.2239,True
ChongWengKit,1192.8624,1.8235,True
ChongWengKit,1010.059,0.2444,True
ChongWengKit,1010.4269,4.2095,True
ChongWengKit,1336.9888,3.3853,True
ChongWengKit,1410.8868,33.9219,True
ChongWengKit,903.8608,0.5972,True
ChongWengKit,1138.8413,25.2186,True
ChongWengKit,1045.4103,29.2406,True
ChongWengKit,1132.0752,0.4245,True
ChongWengKit,1132.0752,2.8420,True
ChongWengKit,1182.5591,2.6362,True
ChongWengKit,854.5554,0.3707,True
ChongWengKit,1159.1947,0.1053,True
ChongWengKit,1006.1726,0.1041,True
ChongWengKit,1095.3946,0.1086,True
ChongWengKit,1095.3946,0.4036,True
ChongWengKit,858.7684,0.0689,True
ChongWengKit,714.63,0.0796,True
ChongWengKit,709.4584,0.6887,True
ChongWengKit,733.2735,0.0662,True
ChongWengKit,486.3908,0.1677,True
ChongWengKit,447.6177,8.8004,True
